"Status","Start Time","Stop Time","Duration in ms","Parent Suite","Suite","Sub Suite","Test Class","Test Method","Name","Description"
"passed","Thu May 26 10:30:47 EDT 2022","Thu May 26 10:30:47 EDT 2022","380","","Login Page","","","","should not be able to click forgot password",""
"passed","Thu May 26 10:29:57 EDT 2022","Thu May 26 10:30:03 EDT 2022","5588","","Add new Service Page","","","","should not be able to create new Service: No Service name",""
"passed","Thu May 26 10:30:45 EDT 2022","Thu May 26 10:30:47 EDT 2022","1158","","Login Page","","","","should not be able to login : no password",""
"passed","Thu May 26 10:29:43 EDT 2022","Thu May 26 10:29:51 EDT 2022","8070","","Add new Service Page","","","","should be able to create new Service",""
"passed","Thu May 26 10:30:43 EDT 2022","Thu May 26 10:30:45 EDT 2022","2457","","Login Page","","","","should not be able to login : Invalid password",""
"passed","Thu May 26 10:30:10 EDT 2022","Thu May 26 10:30:15 EDT 2022","5344","","Add new Service Page","","","","should not be able to create new Service: No Service Version",""
"passed","Thu May 26 10:30:42 EDT 2022","Thu May 26 10:30:43 EDT 2022","576","","Login Page","","","","should not be able to login : no email address",""
"passed","Thu May 26 10:30:37 EDT 2022","Thu May 26 10:30:41 EDT 2022","4481","","Login Page","","","","should be able to login",""
"passed","Thu May 26 10:29:51 EDT 2022","Thu May 26 10:29:57 EDT 2022","6328","","Add new Service Page","","","","should not be able to create new Service with existing name",""
"passed","Thu May 26 10:30:41 EDT 2022","Thu May 26 10:30:42 EDT 2022","1388","","Login Page","","","","should not be able to login : Invalid email",""
"passed","Thu May 26 10:30:53 EDT 2022","Thu May 26 10:30:59 EDT 2022","6262","","Add new Service Page","","","","should be able to verify new Service page",""
"passed","Thu May 26 10:30:03 EDT 2022","Thu May 26 10:30:09 EDT 2022","6449","","Add new Service Page","","","","should be able to create new Service: No Service description",""
